Gender,Age,Debt,YearsEmployed,NoPriorDefault,Employed,CreditScore,DriversLicense,ZipCode,Income,Approved
b,30.83,0.0,1.25,t,t,1,f,202.0,0,+
a,58.67,4.46,3.04,t,t,6,f,43.0,560,+
a,24.5,0.5,1.5,t,f,0,f,280.0,824,+
b,27.83,1.54,3.75,t,t,5,t,100.0,3,+
b,20.17,5.625,1.71,t,f,0,f,120.0,0,+
b,32.08,4.0,2.5,t,f,0,t,360.0,0,+
b,33.17,1.04,6.5,t,f,0,t,164.0,31285,+
a,22.92,11.585,0.04,t,f,0,f,80.0,1349,+
b,54.42,0.5,3.96,t,f,0,f,180.0,314,+
b,42.5,4.915,3.165,t,f,0,t,52.0,1442,+
b,22.08,0.83,2.165,f,f,0,t,128.0,0,+
b,29.92,1.835,4.335,t,f,0,f,260.0,200,+
a,38.25,6.0,1.0,t,f,0,t,0.0,0,+
b,48.08,6.04,0.04,f,f,0,f,0.0,2690,+
a,45.83,10.5,5.0,t,t,7,t,0.0,0,+
b,36.67,4.415,0.25,t,t,10,t,320.0,0,+
b,28.25,0.875,0.96,t,t,3,t,396.0,0,+
a,23.25,5.875,3.17,t,t,10,f,120.0,245,+
b,21.83,0.25,0.665,t,f,0,t,0.0,0,+
a,19.17,8.585,0.75,t,t,7,f,96.0,0,+
b,25.0,11.25,2.5,t,t,17,f,200.0,1208,+
b,23.25,1.0,0.835,t,f,0,f,300.0,0,+
a,47.75,8.0,7.875,t,t,6,t,0.0,1260,+
a,27.42,14.5,3.085,t,t,1,f,120.0,11,+
a,41.17,6.5,0.5,t,t,3,t,145.0,0,+
a,15.83,0.585,1.5,t,t,2,f,100.0,0,+
a,47.0,13.0,5.165,t,t,9,t,0.0,0,+
b,56.58,18.5,15.0,t,t,17,t,0.0,0,+
b,57.42,8.5,7.0,t,t,3,f,0.0,0,+
b,42.08,1.04,5.0,t,t,6,t,500.0,10000,+
b,29.25,14.79,5.04,t,t,5,t,168.0,0,+
b,42.0,9.79,7.96,t,t,8,f,0.0,0,+
b,49.5,7.585,7.585,t,t,15,t,0.0,5000,+
a,36.75,5.125,5.0,t,f,0,t,0.0,4000,+
a,22.58,10.75,0.415,t,t,5,t,0.0,560,+
b,27.83,1.5,2.0,t,t,11,t,434.0,35,+
b,27.25,1.585,1.835,t,t,12,t,583.0,713,+
a,23.0,11.75,0.5,t,t,2,t,300.0,551,+
b,27.75,0.585,0.25,t,t,2,f,260.0,500,+
b,54.58,9.415,14.415,t,t,11,t,30.0,300,+
b,34.17,9.17,4.5,t,t,12,t,0.0,221,+
b,28.92,15.0,5.335,t,t,11,f,0.0,2283,+
b,29.67,1.415,0.75,t,t,1,f,240.0,100,+
b,39.58,13.915,8.625,t,t,6,t,70.0,0,+
b,56.42,28.0,28.5,t,t,40,f,0.0,15,+
b,54.33,6.75,2.625,t,t,11,t,0.0,284,+
a,41.0,2.04,0.125,t,t,23,t,455.0,1236,+
b,31.92,4.46,6.04,t,t,3,f,311.0,300,+
b,41.5,1.54,3.5,f,f,0,f,216.0,0,+
b,23.92,0.665,0.165,f,f,0,f,100.0,0,+
a,25.75,0.5,0.875,t,f,0,t,491.0,0,+
b,26.0,1.0,1.75,t,f,0,t,280.0,0,+
b,37.42,2.04,0.04,t,f,0,t,400.0,5800,+
b,34.92,2.5,0.0,t,f,0,t,239.0,200,+
b,34.25,3.0,7.415,t,f,0,t,0.0,0,+
b,23.33,11.625,0.835,t,f,0,t,160.0,300,+
b,23.17,0.0,0.085,t,f,0,f,0.0,0,+
b,44.33,0.5,5.0,t,f,0,t,320.0,0,+
b,35.17,4.5,5.75,f,f,0,t,711.0,0,+
b,43.25,3.0,6.0,t,t,11,f,80.0,0,+
b,56.75,12.25,1.25,t,t,4,t,200.0,0,+
b,31.67,16.165,3.0,t,t,9,f,250.0,730,+
a,23.42,0.79,1.5,t,t,2,t,80.0,400,+
a,20.42,0.835,1.585,t,t,1,f,0.0,0,+
b,26.67,4.25,4.29,t,t,1,t,120.0,0,+
b,34.17,1.54,1.54,t,t,1,t,520.0,50000,+
a,36.0,1.0,2.0,t,t,11,f,0.0,456,+
b,25.5,0.375,0.25,t,t,3,f,260.0,15108,+
b,19.42,6.5,1.46,t,t,7,f,80.0,2954,+
b,35.17,25.125,1.625,t,t,1,t,515.0,500,+
b,32.33,7.5,1.585,t,f,0,t,420.0,0,-
b,34.83,4.0,12.5,t,f,0,t,,0,-
a,38.58,5.0,13.5,t,f,0,t,980.0,0,-
b,44.25,0.5,10.75,t,f,0,f,400.0,0,-
b,44.83,7.0,1.625,f,f,0,f,160.0,2,-
b,20.67,5.29,0.375,t,t,1,f,160.0,0,-
b,34.08,6.5,0.125,t,f,0,t,443.0,0,-
a,19.17,0.585,0.585,t,f,0,t,160.0,0,-
b,21.67,1.165,2.5,t,t,1,f,180.0,20,-
b,21.5,9.75,0.25,t,f,0,f,140.0,0,-
b,49.58,19.0,0.0,t,t,1,f,94.0,0,-
a,27.67,1.5,2.0,t,f,0,f,368.0,0,-
b,39.83,0.5,0.25,t,f,0,f,288.0,0,-
a,,3.5,3.0,t,f,0,t,300.0,0,-
b,27.25,0.625,0.455,t,f,0,t,200.0,0,-
b,37.17,4.0,5.0,t,f,0,t,280.0,0,-
b,,0.375,0.875,t,f,0,t,928.0,0,-
b,25.67,2.21,4.0,t,f,0,f,188.0,0,-
b,34.0,4.5,1.0,t,f,0,t,240.0,0,-
a,49.0,1.5,0.0,t,f,0,t,100.0,27,-
b,62.5,12.75,5.0,t,f,0,f,112.0,0,-
b,31.42,15.5,0.5,t,f,0,f,120.0,0,-
b,,5.0,8.5,t,f,0,f,0.0,0,-
b,52.33,1.375,9.46,t,f,0,t,200.0,100,-
b,28.75,1.5,1.5,t,f,0,t,0.0,225,-
a,28.58,3.54,0.5,t,f,0,t,171.0,0,-
b,23.0,0.625,0.125,t,f,0,f,180.0,1,-
b,,0.5,0.835,t,f,0,t,320.0,0,-
a,22.5,11.0,3.0,t,f,0,t,268.0,0,-
a,28.5,1.0,1.0,t,t,2,t,167.0,500,-
b,37.5,1.75,0.25,t,f,0,t,164.0,400,-
b,35.25,16.5,4.0,t,f,0,f,80.0,0,-
b,18.67,5.0,0.375,t,t,2,f,0.0,38,-
b,25.0,12.0,2.25,t,t,2,t,120.0,5,-
b,27.83,4.0,5.75,t,t,2,t,75.0,0,-
b,54.83,15.5,0.0,t,t,20,f,152.0,130,-
b,28.75,1.165,0.5,t,f,0,f,280.0,0,-
a,25.0,11.0,4.5,t,f,0,f,120.0,0,-
b,40.92,2.25,10.0,t,f,0,t,176.0,0,-
a,19.75,0.75,0.795,t,t,5,t,140.0,5,-
b,29.17,3.5,3.5,t,t,3,t,329.0,0,-
a,24.5,1.04,0.5,t,t,3,f,180.0,147,-
b,24.58,12.5,0.875,t,f,0,t,260.0,0,-
a,33.75,0.75,1.0,t,t,3,t,212.0,0,-
b,20.67,1.25,1.375,t,t,3,t,140.0,210,-
a,25.42,1.125,1.29,t,t,2,f,200.0,0,-
b,37.75,7.0,11.5,t,t,7,t,300.0,5,-
b,52.5,6.5,6.29,t,t,15,f,0.0,11202,+
b,57.83,7.04,14.0,t,t,6,t,360.0,1332,+
a,20.75,10.335,0.335,t,t,1,t,80.0,50,+
b,39.92,6.21,0.04,t,t,1,f,200.0,300,+
b,25.67,12.5,1.21,t,t,67,t,140.0,258,+
a,24.75,12.5,1.5,t,t,12,t,120.0,567,+
a,44.17,6.665,7.375,t,t,3,t,0.0,0,+
a,23.5,9.0,8.5,t,t,5,t,120.0,0,+
b,34.92,5.0,7.5,t,t,6,t,0.0,1000,+
b,47.67,2.5,2.5,t,t,12,t,410.0,2510,+
b,22.75,11.0,2.5,t,t,7,t,100.0,809,+
b,34.42,4.25,3.25,t,t,2,f,274.0,610,+
a,28.42,3.5,0.835,t,f,0,f,280.0,0,+
b,67.75,5.5,13.0,t,t,1,t,0.0,0,+
b,20.42,1.835,2.25,t,t,1,f,100.0,150,+
a,47.42,8.0,6.5,t,t,6,f,375.0,51100,+
b,36.25,5.0,2.5,t,t,6,f,0.0,367,+
b,32.67,5.5,5.5,t,t,12,t,408.0,1000,+
b,48.58,6.5,6.0,t,f,0,t,350.0,0,+
b,39.92,0.54,0.5,t,t,3,f,200.0,1000,+
b,33.58,2.75,4.25,t,t,6,f,204.0,0,+
a,18.83,9.5,1.625,t,t,6,t,40.0,600,+
a,26.92,13.5,5.0,t,t,2,f,0.0,5000,+
a,31.25,3.75,0.625,t,t,9,t,181.0,0,+
a,56.5,16.0,0.0,t,t,15,f,0.0,247,+
b,43.0,0.29,1.75,t,t,8,f,100.0,375,+
b,22.33,11.0,2.0,t,t,1,f,80.0,278,+
b,27.25,1.665,5.085,t,t,9,f,399.0,827,+
b,32.83,2.5,2.75,t,t,6,f,160.0,2072,+
b,23.25,1.5,2.375,t,t,3,t,0.0,582,+
a,40.33,7.54,8.0,t,t,14,f,0.0,2300,+
a,30.5,6.5,4.0,t,t,7,t,0.0,3065,+
a,52.83,15.0,5.5,t,t,14,f,0.0,2200,+
a,46.67,0.46,0.415,t,t,11,t,440.0,6,+
a,58.33,10.0,4.0,t,t,14,f,0.0,1602,+
b,37.33,6.5,4.25,t,t,12,t,93.0,0,+
b,23.08,2.5,1.085,t,t,11,t,60.0,2184,+
b,32.75,1.5,5.5,t,t,3,t,0.0,0,+
a,21.67,11.5,0.0,t,t,11,t,0.0,0,+
a,28.5,3.04,2.54,t,t,1,f,70.0,0,+
a,68.67,15.0,0.0,t,t,14,f,0.0,3376,+
b,28.0,2.0,4.165,t,t,2,t,181.0,0,+
b,34.08,0.08,0.04,t,t,1,t,280.0,2000,+
b,27.67,2.0,1.0,t,t,4,f,140.0,7544,+
b,44.0,2.0,1.75,t,t,2,t,0.0,15,+
b,25.08,1.71,1.665,t,t,1,t,395.0,20,+
b,32.0,1.75,0.04,t,f,0,t,393.0,0,+
a,60.58,16.5,11.0,t,f,0,t,21.0,10561,+
a,40.83,10.0,1.75,t,f,0,f,29.0,837,+
b,19.33,9.5,1.0,t,f,0,t,60.0,400,+
a,32.33,0.54,0.04,t,f,0,f,440.0,11177,+
b,36.67,3.25,9.0,t,f,0,t,102.0,639,+
b,37.5,1.125,1.5,f,f,0,t,431.0,0,+
a,25.08,2.54,0.25,t,f,0,t,370.0,0,+
b,41.33,0.0,15.0,t,f,0,f,0.0,0,+
b,56.0,12.5,8.0,t,f,0,t,24.0,2028,+
a,49.83,13.585,8.5,t,f,0,t,0.0,0,+
b,22.67,10.5,1.335,t,f,0,f,100.0,0,+
b,27.0,1.5,0.375,t,f,0,t,260.0,1065,+
b,25.0,12.5,3.0,t,f,0,t,20.0,0,+
a,26.08,8.665,1.415,t,f,0,f,160.0,150,+
a,18.42,9.25,1.21,t,t,4,f,60.0,540,+
b,20.17,8.17,1.96,t,t,14,f,60.0,158,+
b,47.67,0.29,15.0,t,t,20,f,0.0,15000,+
a,21.25,2.335,0.5,t,t,4,f,80.0,0,+
a,20.67,3.0,0.165,t,t,3,f,100.0,6,+
a,57.08,19.5,5.5,t,t,7,f,0.0,3000,+
a,22.42,5.665,2.585,t,t,7,f,129.0,3257,+
b,48.75,8.5,12.5,t,t,9,f,181.0,1655,+
b,40.0,6.5,3.5,t,t,1,f,0.0,500,+
b,40.58,5.0,5.0,t,t,7,f,0.0,3065,+
a,28.67,1.04,2.5,t,t,5,t,300.0,1430,+
a,33.08,4.625,1.625,t,t,2,f,0.0,0,+
b,21.33,10.5,3.0,t,f,0,t,0.0,0,+
b,42.0,0.205,5.125,t,f,0,f,400.0,0,+
b,41.75,0.96,2.5,t,f,0,f,510.0,600,+
b,22.67,1.585,3.085,t,t,6,f,80.0,0,+
b,34.5,4.04,8.5,t,t,7,t,195.0,0,+
b,28.25,5.04,1.5,t,t,8,t,144.0,7,+
b,33.17,3.165,3.165,t,t,3,t,380.0,0,+
b,48.17,7.625,15.5,t,t,12,f,0.0,790,+
b,27.58,2.04,2.0,t,t,3,t,370.0,560,+
b,22.58,10.04,0.04,t,t,9,f,60.0,396,+
a,24.08,0.5,1.25,t,t,1,f,0.0,678,+
a,41.33,1.0,2.25,t,f,0,t,0.0,300,+
b,24.83,2.75,2.25,t,t,6,f,,600,+
a,20.75,10.25,0.71,t,t,2,t,49.0,0,+
b,36.33,2.125,0.085,t,t,1,f,50.0,1187,+
a,35.42,12.0,14.0,t,t,8,f,0.0,6590,+
a,71.58,0.0,0.0,f,f,0,f,,0,+
b,28.67,9.335,5.665,t,t,6,f,381.0,168,+
b,35.17,2.5,4.5,t,t,7,f,150.0,1270,+
b,39.5,4.25,6.5,t,t,16,f,117.0,1210,+
b,39.33,5.875,10.0,t,t,14,t,399.0,0,+
b,24.33,6.625,5.5,t,f,0,t,100.0,0,+
b,60.08,14.5,18.0,t,t,15,t,0.0,1000,+
b,23.08,11.5,3.5,t,t,9,f,56.0,742,+
b,26.67,2.71,5.25,t,t,1,f,211.0,0,+
b,48.17,3.5,3.5,t,f,0,f,230.0,0,+
b,41.17,4.04,7.0,t,t,8,f,320.0,0,+
b,55.92,11.5,5.0,t,t,5,f,0.0,8851,+
b,53.92,9.625,8.665,t,t,5,f,0.0,0,+
a,18.92,9.25,1.0,t,t,4,t,80.0,500,+
a,50.08,12.54,2.29,t,t,3,t,156.0,0,+
b,65.42,11.0,20.0,t,t,7,t,22.0,0,+
a,17.58,9.0,1.375,t,f,0,t,0.0,0,+
a,18.83,9.54,0.085,t,f,0,f,100.0,0,+
a,37.75,5.5,0.125,t,f,0,t,228.0,0,+
b,23.25,4.0,0.25,t,f,0,t,160.0,0,+
b,18.08,5.5,0.5,t,f,0,f,80.0,0,+
a,22.5,8.46,2.46,f,f,0,f,164.0,0,+
b,19.67,0.375,2.0,t,t,2,t,80.0,0,+
b,22.08,11.0,0.665,t,f,0,f,100.0,0,+
b,25.17,3.5,0.625,t,t,7,f,0.0,7059,+
a,47.42,3.0,13.875,t,t,2,t,519.0,1704,+
b,33.5,1.75,4.5,t,t,4,t,253.0,857,+
b,27.67,13.75,5.75,t,f,0,t,487.0,500,+
a,58.42,21.0,10.0,t,t,13,f,0.0,6700,+
a,20.67,1.835,2.085,t,t,5,f,220.0,2503,+
b,26.17,0.25,0.0,t,f,0,t,0.0,0,+
b,21.33,7.5,1.415,t,t,1,f,80.0,9800,+
b,42.83,4.625,4.58,t,f,0,f,0.0,0,+
b,38.17,10.125,2.5,t,t,6,f,520.0,196,+
b,20.5,10.0,2.5,t,f,0,f,40.0,0,+
b,48.25,25.085,1.75,t,t,3,f,120.0,14,+
b,28.33,5.0,11.0,t,f,0,t,70.0,0,+
a,18.75,7.5,2.71,t,t,5,f,,26726,+
b,18.5,2.0,1.5,t,t,2,f,120.0,300,+
b,33.17,3.04,2.04,t,t,1,t,180.0,18027,+
b,45.0,8.5,14.0,t,t,1,t,88.0,2000,+
a,19.67,0.21,0.29,t,t,11,f,80.0,99,+
,24.5,12.75,4.75,t,t,2,f,73.0,444,+
b,21.83,11.0,0.29,t,t,6,f,121.0,0,+
b,40.25,21.5,20.0,t,t,11,f,0.0,1200,+
b,41.42,5.0,5.0,t,t,6,t,470.0,0,+
a,17.83,11.0,1.0,t,t,11,f,0.0,3000,+
b,23.17,11.125,0.46,t,t,1,f,100.0,0,+
b,,0.625,0.25,f,f,0,f,380.0,2010,-
b,18.17,10.25,1.085,f,f,0,f,320.0,13,-
b,20.0,11.045,2.0,f,f,0,t,136.0,0,-
b,20.0,0.0,0.5,f,f,0,f,144.0,0,-
a,20.75,9.54,0.04,f,f,0,f,200.0,1000,-
a,24.5,1.75,0.165,f,f,0,f,132.0,0,-
b,32.75,2.335,5.75,f,f,0,t,292.0,0,-
a,52.17,0.0,0.0,f,f,0,f,0.0,0,-
a,48.17,1.335,0.335,f,f,0,f,0.0,120,-
a,20.42,10.5,0.0,f,f,0,t,154.0,32,-
b,50.75,0.585,0.0,f,f,0,f,145.0,0,-
b,17.08,0.085,0.04,f,f,0,f,140.0,722,-
b,18.33,1.21,0.0,f,f,0,f,100.0,0,-
a,32.0,6.0,1.25,f,f,0,f,272.0,0,-
b,59.67,1.54,0.125,t,f,0,t,260.0,0,+
b,18.0,0.165,0.21,f,f,0,f,200.0,40,+
b,37.58,0.0,0.0,f,f,0,f,,0,+
b,32.33,2.5,1.25,f,f,0,t,280.0,0,-
b,18.08,6.75,0.04,f,f,0,f,140.0,0,-
b,38.25,10.125,0.125,f,f,0,f,160.0,0,-
b,30.67,2.5,2.25,f,f,0,t,340.0,0,-
b,18.58,5.71,0.54,f,f,0,f,120.0,0,-
a,19.17,5.415,0.29,f,f,0,f,80.0,484,-
a,18.17,10.0,0.165,f,f,0,f,340.0,0,-
b,24.58,13.5,0.0,f,f,0,f,,0,-
b,16.25,0.835,0.085,t,f,0,f,200.0,0,-
b,21.17,0.875,0.25,f,f,0,f,280.0,204,-
b,23.92,0.585,0.125,f,f,0,f,240.0,1,-
b,17.67,4.46,0.25,f,f,0,f,80.0,0,-
a,16.5,1.25,0.25,f,t,1,f,108.0,98,-
b,23.25,12.625,0.125,f,t,2,f,0.0,5552,-
b,17.58,10.0,0.165,f,t,1,f,120.0,1,-
a,,1.5,0.0,f,t,2,t,200.0,105,-
b,29.5,0.58,0.29,f,t,1,f,340.0,2803,-
b,18.83,0.415,0.165,f,t,1,f,200.0,1,-
a,21.75,1.75,0.0,f,f,0,f,160.0,0,-
b,23.0,0.75,0.5,f,f,0,t,320.0,0,-
a,18.25,10.0,1.0,f,t,1,f,120.0,1,-
b,25.42,0.54,0.165,f,t,1,f,272.0,444,-
b,35.75,2.415,0.125,f,t,2,f,220.0,1,-
a,16.08,0.335,0.0,f,t,1,f,160.0,126,-
a,31.92,3.125,3.04,f,t,2,t,200.0,4,-
b,69.17,9.0,4.0,f,t,1,f,70.0,6,-
b,32.92,2.5,1.75,f,t,2,t,720.0,0,-
b,16.33,2.75,0.665,f,t,1,f,80.0,21,-
b,22.17,12.125,3.335,f,t,2,t,180.0,173,-
a,57.58,2.0,6.5,f,t,1,f,0.0,10,-
b,18.25,0.165,0.25,f,f,0,t,280.0,0,-
b,23.42,1.0,0.5,f,f,0,t,280.0,0,-
a,15.92,2.875,0.085,f,f,0,f,120.0,0,-
a,24.75,13.665,1.5,f,f,0,f,280.0,1,-
b,48.75,26.335,0.0,t,f,0,t,0.0,0,-
b,23.5,2.75,4.5,f,f,0,f,160.0,25,-
b,18.58,10.29,0.415,f,f,0,f,80.0,0,-
b,27.75,1.29,0.25,f,f,0,t,140.0,0,-
a,31.75,3.0,0.0,f,f,0,f,160.0,20,-
a,24.83,4.5,1.0,f,f,0,t,360.0,6,-
b,19.0,1.75,2.335,f,f,0,t,112.0,6,-
a,16.33,0.21,0.125,f,f,0,f,200.0,1,-
a,18.58,10.0,0.415,f,f,0,f,80.0,42,-
b,16.25,0.0,0.25,f,f,0,f,60.0,0,-
b,23.0,0.75,0.5,t,f,0,t,320.0,0,-
b,21.17,0.25,0.25,f,f,0,f,280.0,204,-
b,17.5,22.0,0.0,f,f,0,t,450.0,100000,+
b,19.17,0.0,0.0,f,f,0,t,500.0,1,+
b,36.75,0.125,1.5,f,f,0,t,232.0,113,+
b,21.25,1.5,1.5,f,f,0,f,150.0,8,+
a,18.08,0.375,10.0,f,f,0,t,300.0,0,+
a,33.67,0.375,0.375,f,f,0,f,300.0,44,+
b,48.58,0.205,0.25,t,t,11,f,380.0,2732,+
b,33.67,1.25,1.165,f,f,0,f,120.0,0,-
a,29.5,1.085,1.0,f,f,0,f,280.0,13,-
b,30.17,1.085,0.04,f,f,0,f,170.0,179,-
,40.83,3.5,0.5,f,f,0,f,1160.0,0,-
b,34.83,2.5,3.0,f,f,0,f,200.0,0,-
b,,4.0,0.085,f,f,0,t,411.0,0,-
b,20.42,0.0,0.0,f,f,0,f,,0,-
a,33.25,2.5,2.5,f,f,0,t,0.0,2,-
b,34.08,2.5,1.0,f,f,0,f,460.0,16,-
a,25.25,12.5,1.0,f,f,0,t,180.0,1062,-
b,34.75,2.5,0.5,f,f,0,f,348.0,0,-
b,27.67,0.75,0.165,f,f,0,t,220.0,251,-
b,47.33,6.5,1.0,f,f,0,t,0.0,228,-
a,34.83,1.25,0.5,f,f,0,t,160.0,0,-
a,33.25,3.0,2.0,f,f,0,f,180.0,0,-
b,28.0,3.0,0.75,f,f,0,t,300.0,67,-
a,39.08,4.0,3.0,f,f,0,f,480.0,0,-
b,42.75,4.085,0.04,f,f,0,f,108.0,100,-
b,26.92,2.25,0.5,f,f,0,t,640.0,4000,-
b,33.75,2.75,0.0,f,f,0,f,180.0,0,-
b,38.92,1.75,0.5,f,f,0,t,300.0,2,-
b,62.75,7.0,0.0,f,f,0,f,0.0,12,-
,32.25,1.5,0.25,f,f,0,t,372.0,122,-
b,26.75,4.5,2.5,f,f,0,f,200.0,1210,-
b,63.33,0.54,0.585,t,t,3,t,180.0,0,-
b,27.83,1.5,2.25,f,t,1,t,100.0,3,-
a,26.17,2.0,0.0,f,f,0,t,276.0,1,-
b,22.17,0.585,0.0,f,f,0,f,100.0,0,-
b,22.5,11.5,1.5,f,f,0,t,0.0,4000,-
b,30.75,1.585,0.585,f,f,0,t,0.0,0,-
b,36.67,2.0,0.25,f,f,0,t,221.0,0,-
a,16.0,0.165,1.0,f,t,2,t,320.0,1,-
b,41.17,1.335,0.165,f,f,0,f,168.0,0,-
a,19.5,0.165,0.04,f,f,0,t,380.0,0,-
b,32.42,3.0,0.165,f,f,0,t,120.0,0,-
a,36.75,4.71,0.0,f,f,0,f,160.0,0,-
a,30.25,5.5,5.5,f,f,0,t,100.0,0,-
b,23.08,2.5,0.085,f,f,0,t,100.0,4208,-
b,26.83,0.54,0.0,f,f,0,f,100.0,0,-
b,16.92,0.335,0.29,f,f,0,f,200.0,0,-
b,24.42,2.0,0.165,f,t,2,f,320.0,1300,-
b,42.83,1.25,13.875,f,t,1,t,352.0,112,-
a,22.75,6.165,0.165,f,f,0,f,220.0,1000,-
b,39.42,1.71,0.165,f,f,0,f,400.0,0,-
a,23.58,11.5,3.0,f,f,0,t,20.0,16,-
b,21.42,0.75,0.75,f,f,0,t,132.0,2,-
b,33.0,2.5,7.0,f,f,0,t,280.0,0,-
b,26.33,13.0,0.0,f,f,0,t,140.0,1110,-
a,45.0,4.585,1.0,f,f,0,t,240.0,0,-
b,26.25,1.54,0.125,f,f,0,f,100.0,0,-
,28.17,0.585,0.04,f,f,0,f,260.0,1004,-
a,20.83,0.5,1.0,f,f,0,f,260.0,0,-
b,28.67,14.5,0.125,f,f,0,f,0.0,286,-
b,20.67,0.835,2.0,f,f,0,t,240.0,0,-
b,34.42,1.335,0.125,f,f,0,t,440.0,4500,-
b,33.58,0.25,4.0,f,f,0,t,420.0,0,-
b,43.17,5.0,2.25,f,f,0,t,141.0,0,-
a,22.67,7.0,0.165,f,f,0,f,160.0,0,-
a,24.33,2.5,4.5,f,f,0,f,200.0,456,-
a,56.83,4.25,5.0,f,f,0,t,0.0,4,-
b,22.08,11.46,1.585,f,f,0,t,100.0,1212,-
b,34.0,5.5,1.5,f,f,0,t,60.0,0,-
b,22.58,1.5,0.54,f,f,0,t,120.0,67,-
b,21.17,0.0,0.5,f,f,0,t,0.0,0,-
b,26.67,14.585,0.0,f,f,0,t,178.0,0,-
b,22.92,0.17,0.085,f,f,0,f,0.0,0,-
b,15.17,7.0,1.0,f,f,0,f,600.0,0,-
b,39.92,5.0,0.21,f,f,0,f,550.0,0,-
b,27.42,12.5,0.25,f,f,0,t,720.0,0,-
b,24.75,0.54,1.0,f,f,0,t,120.0,1,-
b,41.17,1.25,0.25,f,f,0,f,0.0,195,-
a,33.08,1.625,0.54,f,f,0,t,0.0,0,-
b,29.83,2.04,0.04,f,f,0,f,128.0,1,-
a,23.58,0.585,0.125,f,f,0,f,120.0,87,-
b,26.17,12.5,1.25,f,f,0,t,0.0,17,-
b,31.0,2.085,0.085,f,f,0,f,300.0,0,-
b,20.75,5.085,0.29,f,f,0,f,140.0,184,-
b,28.92,0.375,0.29,f,f,0,f,220.0,140,-
a,51.92,6.5,3.085,f,f,0,t,73.0,0,-
a,22.67,0.335,0.75,f,f,0,f,160.0,0,-
b,34.0,5.085,1.085,f,f,0,t,480.0,0,-
a,69.5,6.0,0.0,f,f,0,f,0.0,0,-
a,40.33,8.125,0.165,f,t,2,f,,18,-
a,19.58,0.665,1.0,f,t,1,f,2000.0,2,-
b,16.0,3.125,0.085,f,t,1,f,0.0,6,-
b,17.08,0.25,0.335,f,t,4,f,160.0,8,-
b,31.25,2.835,0.0,f,t,5,f,176.0,146,-
b,25.17,3.0,1.25,f,t,1,f,0.0,22,-
a,22.67,0.79,0.085,f,f,0,f,144.0,0,-
b,40.58,1.5,0.0,f,f,0,f,300.0,0,-
b,22.25,0.46,0.125,f,f,0,t,280.0,55,-
a,22.25,1.25,3.25,f,f,0,f,280.0,0,-
b,22.5,0.125,0.125,f,f,0,f,200.0,70,-
b,23.58,1.79,0.54,f,f,0,t,136.0,1,-
b,38.42,0.705,0.375,f,t,2,f,225.0,500,-
a,26.58,2.54,0.0,f,f,0,t,180.0,60,-
b,35.0,2.5,1.0,f,f,0,t,210.0,0,-
b,20.42,1.085,1.5,f,f,0,f,108.0,7,-
b,29.42,1.25,1.75,f,f,0,f,200.0,0,-
b,26.17,0.835,1.165,f,f,0,f,100.0,0,-
b,33.67,2.165,1.5,f,f,0,f,120.0,0,-
b,24.58,1.25,0.25,f,f,0,f,110.0,0,-
a,27.67,2.04,0.25,f,f,0,t,180.0,50,-
b,37.5,0.835,0.04,f,f,0,f,120.0,5,-
b,49.17,2.29,0.29,f,f,0,f,200.0,3,-
b,33.58,0.335,0.085,f,f,0,f,180.0,0,-
b,51.83,3.0,1.5,f,f,0,f,180.0,4,-
b,22.92,3.165,0.165,f,f,0,f,160.0,1058,-
b,21.83,1.54,0.085,f,f,0,t,356.0,0,-
b,25.25,1.0,0.5,f,f,0,f,200.0,0,-
b,58.58,2.71,2.415,f,f,0,t,320.0,0,-
b,19.0,0.0,0.0,f,t,4,f,45.0,1,-
b,19.58,0.585,0.0,f,t,3,f,350.0,769,-
a,53.33,0.165,0.0,f,f,0,t,62.0,27,-
a,27.17,1.25,0.0,f,t,1,f,92.0,300,-
b,25.92,0.875,0.375,f,t,2,t,174.0,3,-
b,23.08,0.0,1.0,f,t,11,f,0.0,0,-
b,39.58,5.0,0.0,f,t,2,f,17.0,1,-
b,30.58,2.71,0.125,f,f,0,t,80.0,0,-
b,17.25,3.0,0.04,f,f,0,t,160.0,40,-
a,17.67,0.0,0.0,f,f,0,f,86.0,0,-
a,,11.25,0.0,f,f,0,f,,5200,-
b,16.5,0.125,0.165,f,f,0,f,132.0,0,-
a,27.33,1.665,0.0,f,f,0,f,340.0,1,-
b,31.25,1.125,0.0,f,t,1,f,96.0,19,-
b,20.0,7.0,0.5,f,f,0,f,0.0,0,-
b,,3.0,7.0,f,f,0,f,0.0,1,-
b,39.5,1.625,1.5,f,f,0,f,0.0,316,-
b,36.5,4.25,3.5,f,f,0,f,454.0,50,-
,29.75,0.665,0.25,f,f,0,t,300.0,0,-
b,52.42,1.5,3.75,f,f,0,t,0.0,350,-
b,36.17,18.125,0.085,f,f,0,f,320.0,3552,-
b,34.58,0.0,0.0,f,f,0,f,,0,-
b,29.67,0.75,0.04,f,f,0,f,240.0,0,-
b,36.17,5.5,5.0,f,f,0,f,210.0,687,-
b,25.67,0.29,1.5,f,f,0,t,160.0,0,-
a,24.5,2.415,0.0,f,f,0,f,120.0,0,-
b,24.08,0.875,0.085,f,t,4,f,254.0,1950,-
b,21.92,0.5,0.125,f,f,0,f,360.0,0,-
a,36.58,0.29,0.0,f,t,10,f,200.0,18,-
a,23.0,1.835,0.0,f,t,1,f,200.0,53,-
a,27.58,3.0,2.79,f,t,1,t,280.0,10,-
b,31.08,3.085,2.5,f,t,2,t,160.0,41,-
a,30.42,1.375,0.04,f,t,3,f,0.0,33,-
b,22.08,2.335,0.75,f,f,0,f,180.0,0,-
b,16.33,4.085,0.415,f,f,0,t,120.0,0,-
a,21.92,11.665,0.085,f,f,0,f,320.0,5,-
b,21.08,4.125,0.04,f,f,0,f,140.0,100,-
b,17.42,6.5,0.125,f,f,0,f,60.0,100,-
b,19.17,4.0,1.0,f,f,0,t,360.0,1000,-
b,20.67,0.415,0.125,f,f,0,f,0.0,44,-
b,26.75,2.0,0.75,f,f,0,t,80.0,0,-
b,23.58,0.835,0.085,f,f,0,t,220.0,5,-
b,39.17,2.5,10.0,f,f,0,t,200.0,0,-
b,22.75,11.5,0.415,f,f,0,f,0.0,0,-
,26.5,2.71,0.085,f,f,0,f,80.0,0,-
a,16.92,0.5,0.165,f,t,6,t,240.0,35,-
b,23.5,3.165,0.415,f,t,1,t,280.0,80,-
a,17.33,9.5,1.75,f,t,10,t,0.0,10,-
b,23.75,0.415,0.04,f,t,2,f,128.0,6,-
b,34.67,1.08,1.165,f,f,0,f,28.0,0,-
b,74.83,19.0,0.04,f,t,2,f,0.0,351,-
b,28.17,0.125,0.085,f,f,0,f,216.0,2100,-
b,24.5,13.335,0.04,f,f,0,t,120.0,475,-
b,18.83,3.54,0.0,f,f,0,t,180.0,1,-
,45.33,1.0,0.125,f,f,0,t,263.0,0,-
a,47.25,0.75,2.75,t,t,1,f,333.0,892,+
b,24.17,0.875,4.625,t,t,2,t,520.0,2000,+
b,39.25,9.5,6.5,t,t,14,f,240.0,4607,+
a,20.5,11.835,6.0,t,f,0,f,340.0,0,+
a,18.83,4.415,3.0,t,f,0,f,240.0,0,+
b,19.17,9.5,1.5,t,f,0,f,120.0,2206,+
a,25.0,0.875,1.04,t,f,0,t,160.0,5860,+
b,20.17,9.25,1.665,t,t,3,t,40.0,28,+
b,25.75,0.5,1.46,t,t,5,t,312.0,0,+
b,20.42,7.0,1.625,t,t,3,f,200.0,1391,+
b,,4.0,5.0,t,t,3,t,290.0,2279,+
b,39.0,5.0,3.5,t,t,10,t,0.0,0,+
a,64.08,0.165,0.0,t,t,1,f,232.0,100,+
b,28.25,5.125,4.75,t,t,2,f,420.0,7,+
a,28.75,3.75,1.085,t,t,1,t,371.0,0,+
b,31.33,19.5,7.0,t,t,16,f,0.0,5000,+
a,18.92,9.0,0.75,t,t,2,f,88.0,591,+
a,24.75,3.0,1.835,t,t,19,f,0.0,500,+
a,30.67,12.0,2.0,t,t,1,f,220.0,19,+
b,21.0,4.79,2.25,t,t,1,t,80.0,300,+
b,13.75,4.0,1.75,t,t,2,t,120.0,1000,+
a,46.0,4.0,0.0,t,f,0,f,100.0,960,+
a,44.33,0.0,2.5,t,f,0,f,0.0,0,+
b,20.25,9.96,0.0,t,f,0,f,0.0,0,+
b,22.67,2.54,2.585,t,f,0,f,0.0,0,+
b,,10.5,6.5,t,f,0,f,0.0,0,+
a,60.92,5.0,4.0,t,t,4,f,0.0,99,+
b,16.08,0.75,1.75,t,t,5,t,352.0,690,+
a,28.17,0.375,0.585,t,t,4,f,80.0,0,+
b,39.17,1.71,0.125,t,t,5,t,480.0,0,+
,20.42,7.5,1.5,t,t,1,f,160.0,234,+
a,30.0,5.29,2.25,t,t,5,t,99.0,500,+
b,22.83,3.0,1.29,t,t,1,f,260.0,800,+
a,22.5,8.5,1.75,t,t,10,f,80.0,990,-
a,28.58,1.665,2.415,t,f,0,t,440.0,0,-
b,45.17,1.5,2.5,t,f,0,t,140.0,0,-
b,41.58,1.75,0.21,t,f,0,f,160.0,0,-
a,57.08,0.335,1.0,t,f,0,t,252.0,2197,-
a,55.75,7.08,6.75,t,t,3,t,100.0,50,-
b,43.25,25.21,0.21,t,t,1,f,760.0,90,-
a,25.33,2.085,2.75,t,f,0,t,360.0,1,-
a,24.58,0.67,1.75,t,f,0,f,400.0,0,-
b,43.17,2.25,0.75,t,f,0,f,560.0,0,-
b,40.92,0.835,0.0,t,f,0,f,130.0,1,-
b,31.83,2.5,7.5,t,f,0,t,523.0,0,-
a,33.92,1.585,0.0,t,f,0,f,320.0,0,-
a,24.92,1.25,0.0,t,f,0,f,80.0,0,-
b,35.25,3.165,3.75,t,f,0,t,680.0,0,-
b,34.25,1.75,0.25,t,f,0,t,163.0,0,-
b,80.25,5.5,0.54,t,f,0,f,0.0,340,-
b,19.42,1.5,2.0,t,f,0,t,100.0,20,-
b,42.75,3.0,1.0,t,f,0,f,0.0,200,-
b,19.67,10.0,0.835,t,f,0,t,140.0,0,-
b,36.33,3.79,1.165,t,f,0,t,200.0,0,-
b,30.08,1.04,0.5,t,t,10,t,132.0,28,-
b,44.25,11.0,1.5,t,f,0,f,0.0,0,-
b,23.58,0.46,2.625,t,t,6,t,208.0,347,-
b,23.92,1.5,1.875,t,t,6,f,200.0,327,+
b,33.17,1.0,0.75,t,t,7,t,340.0,4071,+
b,48.33,12.0,16.0,t,f,0,f,110.0,0,+
b,76.75,22.29,12.75,t,t,1,t,0.0,109,+
b,51.33,10.0,0.0,t,t,11,f,0.0,1249,+
b,34.75,15.0,5.375,t,t,9,t,0.0,134,+
b,38.58,3.335,4.0,t,t,14,f,383.0,1344,+
a,22.42,11.25,0.75,t,t,4,f,0.0,321,+
b,41.92,0.42,0.21,t,t,6,f,220.0,948,+
b,29.58,4.5,7.5,t,t,2,t,330.0,0,+
a,32.17,1.46,1.085,t,t,16,f,120.0,2079,+
b,51.42,0.04,0.04,t,f,0,f,0.0,3000,+
a,22.83,2.29,2.29,t,t,7,t,140.0,2384,+
a,25.0,12.33,3.5,t,t,6,f,400.0,458,+
b,26.75,1.125,1.25,t,f,0,f,0.0,5298,+
b,23.33,1.5,1.415,t,f,0,f,422.0,200,+
b,24.42,12.335,1.585,t,f,0,t,120.0,0,+
b,42.17,5.04,12.75,t,f,0,t,92.0,0,+
a,20.83,3.0,0.04,t,f,0,f,100.0,0,+
b,23.08,11.5,2.125,t,t,11,t,290.0,284,+
a,25.17,2.875,0.875,t,f,0,f,360.0,0,+
b,43.08,0.375,0.375,t,t,8,t,300.0,162,+
a,35.75,0.915,0.75,t,t,4,f,0.0,1583,+
b,59.5,2.75,1.75,t,t,5,t,60.0,58,+
b,21.0,3.0,1.085,t,t,8,t,160.0,1,+
b,21.92,0.54,0.04,t,t,1,t,840.0,59,+
a,65.17,14.0,0.0,t,t,11,t,0.0,1400,+
a,20.33,10.0,1.0,t,t,4,f,50.0,1465,+
b,32.25,0.165,3.25,t,t,1,t,432.0,8000,+
b,30.17,0.5,1.75,t,t,11,f,32.0,540,+
b,25.17,6.0,1.0,t,t,3,f,0.0,0,+
b,39.17,1.625,1.5,t,t,10,f,186.0,4700,+
b,39.08,6.0,1.29,t,t,5,t,108.0,1097,+
b,31.67,0.83,1.335,t,t,8,t,303.0,3290,+
b,41.0,0.04,0.04,f,t,1,f,560.0,0,+
b,48.5,4.25,0.125,t,f,0,t,225.0,0,+
b,32.67,9.0,5.25,t,f,0,t,154.0,0,+
a,28.08,15.0,0.0,t,f,0,f,0.0,13212,+
b,73.42,17.75,0.0,t,f,0,t,0.0,0,+
b,64.08,20.0,17.5,t,t,9,t,0.0,1000,+
b,51.58,15.0,8.5,t,t,9,f,0.0,0,+
b,26.67,1.75,1.0,t,t,5,t,160.0,5777,+
b,25.33,0.58,0.29,t,t,7,t,96.0,5124,+
b,30.17,6.5,3.125,t,t,8,f,330.0,1200,+
b,27.0,0.75,4.25,t,t,3,t,312.0,150,+
b,23.17,0.0,0.0,f,f,0,f,,0,+
b,34.17,5.25,0.085,f,f,0,t,290.0,6,+
b,38.67,0.21,0.085,t,f,0,t,280.0,0,+
b,25.75,0.75,0.25,t,f,0,f,349.0,23,+
a,46.08,3.0,2.375,t,t,8,t,396.0,4159,+
a,21.5,6.0,2.5,t,t,3,f,80.0,918,+
,20.08,0.125,1.0,f,t,1,f,240.0,768,+
b,20.5,2.415,2.0,t,t,11,t,200.0,3000,+
a,29.5,0.46,0.54,t,t,4,f,380.0,500,+
,42.25,1.75,0.0,f,f,0,t,150.0,1,-
b,29.83,1.25,0.25,f,f,0,f,224.0,0,-
b,20.08,0.25,0.125,f,f,0,f,200.0,0,-
b,23.42,0.585,0.085,t,f,0,f,180.0,0,-
a,29.58,1.75,1.25,f,f,0,t,280.0,0,-
b,16.17,0.04,0.04,f,f,0,f,0.0,0,+
b,32.33,3.5,0.5,f,f,0,t,232.0,0,-
b,,0.04,4.25,f,f,0,t,460.0,0,-
b,47.83,4.165,0.085,f,f,0,t,520.0,0,-
b,20.0,1.25,0.125,f,f,0,f,140.0,4,-
b,27.58,3.25,5.085,f,t,2,t,369.0,1,-
b,22.0,0.79,0.29,f,t,1,f,420.0,283,-
b,19.33,10.915,0.585,f,t,2,t,200.0,7,-
a,38.33,4.415,0.125,f,f,0,f,160.0,0,-
b,29.42,1.25,0.25,f,t,2,t,400.0,108,-
b,22.67,0.75,1.585,f,t,1,t,400.0,9,-
b,32.25,14.0,0.0,f,t,2,f,160.0,1,-
b,29.58,4.75,2.0,f,t,1,t,460.0,68,-
b,18.42,10.415,0.125,t,f,0,f,120.0,375,-
b,22.17,2.25,0.125,f,f,0,f,160.0,10,-
b,22.67,0.165,2.25,f,f,0,t,0.0,0,+
a,25.58,0.0,0.0,f,f,0,f,,0,+
b,18.83,0.0,0.665,f,f,0,f,160.0,1,-
b,21.58,0.79,0.665,f,f,0,f,160.0,0,-
b,23.75,12.0,2.085,f,f,0,f,80.0,0,-
b,22.0,7.835,0.165,f,f,0,t,,0,-
b,36.08,2.54,0.0,f,f,0,f,0.0,1000,-
b,29.25,13.0,0.5,f,f,0,f,228.0,0,-
a,19.58,0.665,1.665,f,f,0,f,220.0,5,-
a,22.92,1.25,0.25,f,f,0,t,120.0,809,-
a,27.25,0.29,0.125,f,t,1,t,272.0,108,-
a,38.75,1.5,0.0,f,f,0,f,76.0,0,-
b,32.42,2.165,0.0,f,f,0,f,120.0,0,-
a,23.75,0.71,0.25,f,t,1,t,240.0,4,-
b,18.17,2.46,0.96,f,t,2,t,160.0,587,-
b,40.92,0.5,0.5,f,f,0,t,130.0,0,-
b,19.5,9.585,0.79,f,f,0,f,80.0,350,-
b,28.58,3.625,0.25,f,f,0,t,100.0,0,-
b,35.58,0.75,1.5,f,f,0,t,231.0,0,-
b,34.17,2.75,2.5,f,f,0,t,232.0,200,-
,33.17,2.25,3.5,f,f,0,t,200.0,141,-
b,31.58,0.75,3.5,f,f,0,t,320.0,0,-
a,52.5,7.0,3.0,f,f,0,f,0.0,0,-
b,36.17,0.42,0.29,f,f,0,t,309.0,2,-
b,37.33,2.665,0.165,f,f,0,t,0.0,501,-
a,20.83,8.5,0.165,f,f,0,f,0.0,351,-
b,24.08,9.0,0.25,f,f,0,t,0.0,0,-
b,25.58,0.335,3.5,f,f,0,t,340.0,0,-
a,35.17,3.75,0.0,f,t,6,f,0.0,200,-
b,48.08,3.75,1.0,f,f,0,f,100.0,2,-
a,15.83,7.625,0.125,f,t,1,t,0.0,160,-
a,22.5,0.415,0.335,f,f,0,t,144.0,0,-
b,21.5,11.5,0.5,t,f,0,t,100.0,68,-
a,23.58,0.83,0.415,f,t,1,t,200.0,11,-
a,21.08,5.0,0.0,f,f,0,f,0.0,0,-
b,25.67,3.25,2.29,f,t,1,t,416.0,21,-
a,38.92,1.665,0.25,f,f,0,f,0.0,390,-
a,15.75,0.375,1.0,f,f,0,f,120.0,18,-
a,28.58,3.75,0.25,f,t,1,t,40.0,154,-
b,22.25,9.0,0.085,f,f,0,f,0.0,0,-
b,29.83,3.5,0.165,f,f,0,f,216.0,0,-
a,23.5,1.5,0.875,f,f,0,t,160.0,0,-
b,32.08,4.0,1.5,f,f,0,t,120.0,0,-
b,31.08,1.5,0.04,f,f,0,f,160.0,0,-
b,31.83,0.04,0.04,f,f,0,f,0.0,0,-
a,21.75,11.75,0.25,f,f,0,t,180.0,0,-
a,17.92,0.54,1.75,f,t,1,t,80.0,5,-
b,30.33,0.5,0.085,f,f,0,t,252.0,0,-
b,51.83,2.04,1.5,f,f,0,f,120.0,1,-
b,47.17,5.835,5.5,f,f,0,f,465.0,150,-
b,25.83,12.835,0.5,f,f,0,f,0.0,2,-
a,50.25,0.835,0.5,f,f,0,t,240.0,117,-
,29.5,2.0,2.0,f,f,0,f,256.0,17,-
a,37.33,2.5,0.21,f,f,0,f,260.0,246,-
a,41.58,1.04,0.665,f,f,0,f,240.0,237,-
a,30.58,10.665,0.085,f,t,12,t,129.0,3,-
b,19.42,7.25,0.04,f,t,1,f,100.0,1,-
a,17.92,10.21,0.0,f,f,0,f,0.0,50,-
a,20.08,1.25,0.0,f,f,0,f,0.0,0,-
b,19.5,0.29,0.29,f,f,0,f,280.0,364,-
b,27.83,1.0,3.0,f,f,0,f,176.0,537,-
b,17.08,3.29,0.335,f,f,0,t,140.0,2,-
b,36.42,0.75,0.585,f,f,0,f,240.0,3,-
b,40.58,3.29,3.5,f,f,0,t,400.0,0,-
b,21.08,10.085,1.25,f,f,0,f,260.0,0,-
a,22.67,0.75,2.0,f,t,2,t,200.0,394,-
a,25.25,13.5,2.0,f,t,1,t,200.0,1,-
b,17.92,0.205,0.04,f,f,0,f,280.0,750,-
b,35.0,3.375,8.29,f,f,0,t,0.0,0,-
